{
  "family_score_map": {
    "bit": 0.8348909657320872,
    "cipher": 1.0,
    "equation": 0.17363344051446947,
    "gravity": 0.85625,
    "roman": 1.0,
    "unit": 0.8401253918495298
  },
  "overall_accuracy": 0.7861271676300579
}
